title,company,location,duration,stipend,apply_by,applicants,skills,perks,openings,url
Machine Learning Engineering,IIT Bombay,['Work From Home'],6.0,5000.0,10,122.0,"['Algorithms', 'Data Structures', 'Machine Learning', 'Python']","['Certificate', 'Letter of recommendation', 'Flexible work hours', '5 days a week']",6,https://internshala.com/internship/detail/machine-learning-engineering-work-from-home-job-internship-at-iit-bombay1657550235
Data Science,Redwood Algorithms,['Work From Home'],1.0,8000.0,13,0.0,"['Data Analytics', 'Python', 'SQL']","['Certificate', '5 days a week']",8,https://internshala.com/internship/detail/data-science-work-from-home-job-internship-at-redwood-algorithms1657862653
Rasa Development,Juppiter AI Labs,['Work From Home'],4.0,2000.0,13,0.0,[],[],4,https://internshala.com/internship/detail/rasa-development-work-from-home-job-internship-at-juppiter-ai-labs1657855214
IONIC (AngularJS),Alphabt,['Work From Home'],5.0,15000.0,12,0.0,"['AngularJS', 'Ionic']",[],2,https://internshala.com/internship/detail/ionic-angularjs-work-from-home-job-internship-at-alphabt1657817446
AngularJS With Full Stack Development,Alphabt,['Work From Home'],5.0,20000.0,12,0.0,['AngularJS'],[],2,https://internshala.com/internship/detail/angularjs-with-full-stack-development-work-from-home-job-internship-at-alphabt1657795044
Software Engineering,Renkube Private Limited,['Work From Home'],3.0,1000.0,12,56.0,[],"['Letter of recommendation', 'Flexible work hours', '5 days a week']",4,https://internshala.com/internship/detail/software-engineering-work-from-home-job-internship-at-renkube-private-limited1657802215
Data Science,Closer Partners,['Work From Home'],6.0,7500.0,12,131.0,"['Data Science', 'Deep Learning', 'MS-Excel', 'Natural Language Processing (NLP)', 'Python', 'SQL']","['Certificate', 'Letter of recommendation', 'Flexible work hours', '5 days a week']",1,https://internshala.com/internship/detail/data-science-work-from-home-job-internship-at-closer-partners1657785109
Software Development & Data Operations Analytics,Aashish Mittal,['Work From Home'],3.0,17500.0,13,26.0,"['Google Cloud Computing', 'MySQL', 'Python', 'SQL']","['Certificate', 'Letter of recommendation', 'Flexible work hours']",5,https://internshala.com/internship/detail/software-development-data-operations-analytics-work-from-home-job-internship-at-aashish-mittal1657792145
Predictive Analysis,Kaholas,['Work From Home'],6.0,1000.0,12,38.0,"['Artifical Intelligence', 'Machine Learning']",[],2,https://internshala.com/internship/detail/predictive-analysis-work-from-home-job-internship-at-kaholas1657721221
Machine Learning,KUKbit Software Lab,['Work From Home'],2.0,4000.0,12,37.0,"['Data Science', 'Deep Learning', 'Machine Learning', 'Python', 'R Programming']","['Certificate', 'Letter of recommendation', 'Flexible work hours', '5 days a week']",3,https://internshala.com/internship/detail/machine-learning-work-from-home-job-internship-at-kukbit-software-lab1657779560
Business Analytics (Marketing),Across The Globe (ATG),['Work From Home'],4.0,3000.0,12,84.0,"['Business Analysis', 'Business Research', 'Digital Marketing', 'Email Marketing']","['Certificate', 'Flexible work hours']",10,https://internshala.com/internship/detail/business-analytics-marketing-work-from-home-job-internship-at-across-the-globe-atg1657779218
Machine Learning (NLP),CareerNinja,['Work From Home'],6.0,10000.0,12,85.0,"['Machine Learning', 'Natural Language Processing (NLP)']",[],2,https://internshala.com/internship/detail/machine-learning-nlp-work-from-home-job-internship-at-careerninja1657778041
Natural Language Programming (NLP)/AI,Kaholas,['Work From Home'],6.0,1000.0,12,0.0,"['Artifical Intelligence', 'Machine Learning', 'Natural Language Processing (NLP)']",[],2,https://internshala.com/internship/detail/natural-language-programming-nlp-ai-work-from-home-job-internship-at-kaholas1657777112
AI Engineering (Deep Learning And Machine Learning),Redpositive Service (OPC) Private Limited,['Work From Home'],6.0,5000.0,12,0.0,"['Amazon Web Services (AWS)', 'Computer Vision', 'Deep Learning', 'Machine Learning', 'Natural Language Processing (NLP)', 'REST API']","['Certificate', 'Letter of recommendation', 'Flexible work hours']",10,https://internshala.com/internship/detail/ai-engineering-deep-learning-and-machine-learning-work-from-home-job-internship-at-redpositive-service-opc-private-limited1657775564
Angular & Bootstrap Development,BinaryDots Technology Private Limited,['Work From Home'],2.0,5000.0,12,0.0,"['Angular 7.0', 'Bootstrap', 'HTML']","['Certificate', 'Letter of recommendation', 'Flexible work hours']",2,https://internshala.com/internship/detail/angular-bootstrap-development-work-from-home-job-internship-at-binarydots-technology-private-limited1657769239
Machine Learning Engineering,The Tann Mann Foundation,['Work From Home'],3.0,0.0,12,39.0,"['Artifical Intelligence', 'Machine Learning']","['Certificate', 'Letter of recommendation', 'Flexible work hours']",5,https://internshala.com/internship/detail/machine-learning-engineering-work-from-home-job-internship-at-the-tann-mann-foundation1657757701
Data Engineering,Digite Infotech Private Limited,['Work From Home'],3.0,22000.0,11,656.0,"['Amazon Web Server (AWS)', 'Python', 'SQL']","['Certificate', '5 days a week', 'Job offer']",2,https://internshala.com/internship/detail/data-engineering-work-from-home-job-internship-at-digite-infotech-private-limited1657702200
Data Science,Softsensor.ai,['Work From Home'],6.0,10000.0,11,119.0,"['Data Science', 'Deep Learning', 'Express.js', 'Google Cloud Computing', 'Machine Learning', 'Microsoft Azure', 'MongoDB', 'Node.js', 'Python', 'ReactJS']","['Certificate', 'Letter of recommendation', '5 days a week']",4,https://internshala.com/internship/detail/data-science-work-from-home-job-internship-at-softsensorai1657683548
Angular.js Development,Tache Technologies Private Limited,['Work From Home'],3.0,7500.0,11,48.0,"['Angular 7.0', 'AngularJS', 'CSS', 'JavaScript']",['Certificate'],2,https://internshala.com/internship/detail/angularjs-development-work-from-home-job-internship-at-tache-technologies-private-limited1657645082
Teaching (Data Science),Ekeeda Private Limited,['Work From Home'],3.0,10000.0,10,188.0,[],"['Certificate', 'Flexible work hours']",10,https://internshala.com/internship/detail/teaching-data-science-work-from-home-job-internship-at-ekeeda-private-limited1657628871
Angular Development,Skugal Technologies Private Limited,['Work From Home'],3.0,7000.0,11,31.0,"['Algorithms', 'AngularJS', 'CSS', 'HTML']","['Certificate', '5 days a week', 'Job offer']",3,https://internshala.com/internship/detail/angular-development-work-from-home-job-internship-at-skugal-technologies-private-limited1657609932
Data Analytics,9 Realms Productions,['Work From Home'],2.0,6500.0,10,624.0,"['Data Analytics', 'Data Science', 'MS-Excel']","['Certificate', 'Letter of recommendation', 'Flexible work hours', '5 days a week']",3,https://internshala.com/internship/detail/data-analytics-work-from-home-job-internship-at-9-realms-productions1657603646
Data Engineering,Blackcoffer,['Work From Home'],6.0,7000.0,10,210.0,"['Amazon Web Server (AWS)', 'Artifical Intelligence', 'Data Analytics', 'Data Science', 'Elasticsearch', 'Google Cloud Computing', 'Machine Learning', 'Microsoft Azure', 'Power BI', 'Python', 'SQL']","['Certificate', 'Letter of recommendation', 'Flexible work hours', 'Job offer']",10,https://internshala.com/internship/detail/data-engineering-work-from-home-job-internship-at-blackcoffer1657547377
Market Research Analysis,Strategy Here,['Work From Home'],6.0,4000.0,10,99.0,"['Content Marketing', 'Market Research', 'Sales and Marketing']","['Certificate', 'Flexible work hours', '5 days a week']",2,https://internshala.com/internship/detail/market-research-analysis-work-from-home-job-internship-at-strategy-here1657521193
Data Analytics,Juno Terra,['Work From Home'],3.0,5000.0,9,165.0,"['Algorithms', 'Artifical Intelligence', 'CI/CD', 'Data Analytics', 'Data Structures', 'Internet of Things (IoT)', 'REST API']","['Certificate', 'Letter of recommendation', 'Flexible work hours', '5 days a week']",1,https://internshala.com/internship/detail/data-analytics-work-from-home-job-internship-at-juno-terra1657444186
Front End Development (Angular),Great Future Technology Private Limited,['Work From Home'],6.0,1000.0,8,30.0,"['Angular 7.0', 'CSS', 'HTML', 'JavaScript', 'REST API']","['Certificate', 'Letter of recommendation']",1,https://internshala.com/internship/detail/front-end-development-angular-work-from-home-job-internship-at-great-future-technology-private-limited1657370909
Machine Learning/AI Research Content Writing,Marktechpost LLC,['Work From Home'],3.0,10000.0,7,210.0,"['Artifical Intelligence', 'Data Science', 'Deep Learning', 'Machine Learning']","['Letter of recommendation', 'Flexible work hours']",1,https://internshala.com/internship/detail/machine-learning-ai-research-content-writing-work-from-home-job-internship-at-marktechpost-llc1657347943
Course Development,Childo Education Research And Development Foundation,['Work From Home'],1.0,0.0,7,306.0,[],"['Certificate', 'Letter of recommendation', 'Flexible work hours']",5,https://internshala.com/internship/detail/course-development-work-from-home-job-internship-at-childo-education-research-and-development-foundation1657340457
Angular Development,Qwerty Thoughts,['Work From Home'],3.0,1000.0,7,0.0,"['Angular 7.0', 'AngularJS', 'Bootstrap', 'CSS', 'HTML', 'JavaScript', 'Node.js', 'REST API']","['Certificate', 'Letter of recommendation', 'Flexible work hours', '5 days a week']",3,https://internshala.com/internship/detail/angular-development-work-from-home-job-internship-at-qwerty-thoughts1657346627
Curriculum Development (AI/ML),Sustainable Living Lab (SL2),['Work From Home'],3.0,15000.0,6,708.0,"['Artifical Intelligence', 'Data Science', 'Machine Learning', 'MS-PowerPoint', 'Python']","['Certificate', 'Letter of recommendation', 'Flexible work hours', '5 days a week']",3,https://internshala.com/internship/detail/curriculum-development-ai-ml-work-from-home-job-internship-at-sustainable-living-lab-sl21657280241
Subject Matter Expert (Machine Learning),My Analytics School,['Work From Home'],2.0,8000.0,6,127.0,"['Data Analytics', 'Data Science', 'Machine Learning', 'Python', 'SQL', 'Subject Matter Expert (SME)']","['Certificate', 'Letter of recommendation', 'Flexible work hours', '5 days a week']",1,https://internshala.com/internship/detail/subject-matter-expert-machine-learning-work-from-home-job-internship-at-my-analytics-school1657273003
Data Science,ML Concepts,['Work From Home'],6.0,1000.0,6,160.0,"['Artifical Intelligence', 'Data Analytics', 'Data Science', 'Deep Learning', 'Machine Learning', 'Natural Language Processing (NLP)', 'Neural Networks', 'Python', 'SQL', 'Statistical Modeling']","['Certificate', 'Letter of recommendation', 'Flexible work hours', '5 days a week', 'Job offer']",3,https://internshala.com/internship/detail/data-science-work-from-home-job-internship-at-ml-concepts1657251880
Machine Learning,BsHappy Technologies,['Work From Home'],6.0,3000.0,5,468.0,"['Artifical Intelligence', 'Data Analytics', 'Data Science', 'Deep Learning', 'Machine Learning', 'Natural Language Processing (NLP)', 'Python', 'R Programming']","['Certificate', 'Letter of recommendation', 'Flexible work hours', '5 days a week', 'Job offer']",8,https://internshala.com/internship/detail/machine-learning-work-from-home-job-internship-at-bshappy-technologies1657184179
User Research Analysis,ChangeJar Technologies Private Limited,['Work From Home'],3.0,10000.0,5,229.0,"['English Proficiency (Spoken)', 'English Proficiency (Written)', 'Google Suite (G Suite)', 'Hindi Proficiency (Spoken)', 'Hindi Proficiency (Written)']","['Certificate', 'Letter of recommendation', '5 days a week']",4,https://internshala.com/internship/detail/user-research-analysis-work-from-home-job-internship-at-changejar-technologies-private-limited1657186697
Business Analytics,Urbano InfoTech Private Limited,['Work From Home'],6.0,5000.0,5,361.0,"['Figma', 'MS-Excel', 'Software Testing']","['Certificate', 'Letter of recommendation', 'Job offer']",2,https://internshala.com/internship/detail/business-analytics-work-from-home-job-internship-at-urbano-infotech-private-limited1657166221
Angular Development,Airsme Technology Private Limited,['Work From Home'],3.0,10000.0,4,99.0,"['Angular 2.0', 'Bootstrap', 'CSS', 'HTML', 'JavaScript', 'REST API']","['Letter of recommendation', 'Flexible work hours']",2,https://internshala.com/internship/detail/angular-development-work-from-home-job-internship-at-airsme-technology-private-limited1657112183
Front End Development,TrueFoundry,['Work From Home'],3.0,30000.0,4,445.0,"['CSS', 'HTML', 'JavaScript', 'ReactJS', 'Vue Js']","['Certificate', 'Letter of recommendation', 'Flexible work hours', '5 days a week']",3,https://internshala.com/internship/detail/front-end-development-work-from-home-job-internship-at-truefoundry1657104730
Data Analytics,Resolute AI Software,['Work From Home'],3.0,8000.0,5,572.0,"['Data Analytics', 'Data Science', 'MS-Excel', 'Power BI']","['Certificate', 'Flexible work hours']",1,https://internshala.com/internship/detail/data-analytics-work-from-home-job-internship-at-resolute-ai-software1657102899
Data Science,SkillBit,['Work From Home'],1.0,5000.0,4,1000.0,"['Machine Learning', 'Python']","['Certificate', 'Letter of recommendation', 'Flexible work hours', '5 days a week', 'Job offer']",3,https://internshala.com/internship/detail/data-science-work-from-home-job-internship-at-skillbit1657080526
E-Commerce Analysis,Nuvoretail,['Work From Home'],3.0,15000.0,4,591.0,"['English Proficiency (Spoken)', 'English Proficiency (Written)', 'Mathematics', 'MS-Excel']",[],10,https://internshala.com/internship/detail/e-commerce-analysis-work-from-home-job-internship-at-nuvoretail1657010762
Software (Business Analyst),RaftLabs,['Work From Home'],6.0,7000.0,3,117.0,"['Client Relationship', 'English Proficiency (Spoken)', 'MS-Office', 'User Interface (UI) Development']","['Certificate', 'Letter of recommendation', '5 days a week']",2,https://internshala.com/internship/detail/software-business-analyst-work-from-home-job-internship-at-raftlabs1657003762
Data Science (Content Creation),Leaders And Dreamers Private Limited,['Work From Home'],3.0,6000.0,3,207.0,"['Computer Vision', 'Data Science', 'Machine Learning', 'Natural Language Processing (NLP)']","['Certificate', 'Letter of recommendation', 'Flexible work hours', '5 days a week']",3,https://internshala.com/internship/detail/data-science-content-creation-work-from-home-job-internship-at-leaders-and-dreamers-private-limited1657001460
Data Science Web Scraping,Datanstats,['Work From Home'],3.0,1500.0,3,414.0,"['Python', 'SQL']","['Certificate', 'Letter of recommendation', '5 days a week', 'Job offer']",5,https://internshala.com/internship/detail/data-science-web-scraping-work-from-home-job-internship-at-datanstats1656930745
Engineering (Deep Learning & Computer Vision),AiBorne Tech,['Work From Home'],4.0,11000.0,2,310.0,"['Computer Vision', 'Deep Learning', 'Machine Learning']","['Certificate', 'Letter of recommendation', 'Flexible work hours', 'Job offer']",2,https://internshala.com/internship/detail/engineering-deep-learning-computer-vision-work-from-home-job-internship-at-aiborne-tech1656927204
Validation (AI/ML/DL),Wobot Intelligence Private Limited,['Work From Home'],6.0,7000.0,2,315.0,"['Computer Vision', 'Deep Learning', 'Linux', 'Python']","['Certificate', '5 days a week', 'Job offer']",1,https://internshala.com/internship/detail/validation-ai-ml-dl-work-from-home-job-internship-at-wobot-intelligence-private-limited1656925028
Data Annotation,SAAZ Imaging System,['Work From Home'],6.0,10000.0,3,509.0,"['Image Processing', 'Machine Learning']","['Certificate', 'Flexible work hours']",6,https://internshala.com/internship/detail/data-annotation-work-from-home-job-internship-at-saaz-imaging-system1656922487
Machine Learning (Computer Vision),Alphabt,['Work From Home'],5.0,15000.0,2,645.0,"['Computer Vision', 'Machine Learning', 'Python']",[],2,https://internshala.com/internship/detail/machine-learning-computer-vision-work-from-home-job-internship-at-alphabt1656917933
Content Writing (Data Science),Let The Data Confess,['Work From Home'],6.0,3000.0,2,65.0,"['Artifical Intelligence', 'Computer Vision', 'Data Analytics', 'Data Science', 'Deep Learning', 'Machine Learning', 'Natural Language Processing (NLP)', 'Neural Networks', 'Python', 'SQL']","['Certificate', 'Flexible work hours', '5 days a week']",1,https://internshala.com/internship/detail/content-writing-data-science-work-from-home-job-internship-at-let-the-data-confess1656914696
Front End Development (Angular),HRBOT,['Work From Home'],6.0,10000.0,2,95.0,"['Angular 2.0', 'Angular 7.0', 'AngularJS', 'ReactJS']","['Certificate', 'Letter of recommendation', 'Flexible work hours']",5,https://internshala.com/internship/detail/front-end-development-angular-work-from-home-job-internship-at-hrbot1656867537
MERN Stack Development,Ebisu Technologies Private Limited,['Work From Home'],5.0,15000.0,2,251.0,"['MongoDB', 'Node.js', 'ReactJS', 'React Native']","['Certificate', 'Flexible work hours', '5 days a week']",2,https://internshala.com/internship/detail/mern-stack-development-work-from-home-job-internship-at-ebisu-technologies-private-limited1656837001
Data Science,Blackcoffer,['Work From Home'],6.0,6000.0,0,500.0,"['Artifical Intelligence', 'Data Analytics', 'Data Science', 'Elasticsearch', 'Machine Learning', 'Power BI', 'Python', 'SQL']","['Certificate', 'Letter of recommendation', 'Flexible work hours', 'Job offer']",10,https://internshala.com/internship/detail/data-science-work-from-home-job-internship-at-blackcoffer1656744444
Data Processing,Uniprosys,['Work From Home'],3.0,6000.0,0,288.0,[],"['Certificate', '5 days a week']",2,https://internshala.com/internship/detail/data-processing-work-from-home-job-internship-at-uniprosys1656684702
Data Research (Personal & Business Finance),Vertigo Studio SA,['Work From Home'],3.0,45000.0,-1,237.0,"['Content Writing', 'Financial literacy', 'Report Writing']","['Letter of recommendation', 'Flexible work hours', '5 days a week']",1,https://internshala.com/internship/detail/data-research-personal-business-finance-work-from-home-job-internship-at-vertigo-studio-sa1656658074
AI Development,DrMachine Solutions Private Limited,['Work From Home'],3.0,1000.0,6,202.0,"['Algorithms', 'Computer Vision', 'Data Science', 'Django', 'Flask', 'Natural Language Processing (NLP)', 'Python', 'SQL']","['Certificate', 'Letter of recommendation', 'Flexible work hours', '5 days a week']",3,https://internshala.com/internship/detail/ai-development-work-from-home-job-internship-at-drmachine-solutions-private-limited1656657976
Web Analytics/Intelligence,TunicaLabs Media Private Limited,['Work From Home'],6.0,10000.0,0,198.0,"['Data Analytics', 'Google Analytics']","['Certificate', 'Letter of recommendation', 'Flexible work hours']",1,https://internshala.com/internship/detail/web-analytics-intelligence-work-from-home-job-internship-at-tunicalabs-media-private-limited1656657517
Data Science & Machine Learning,VPODS.ai,['Work From Home'],6.0,10000.0,-1,512.0,"['Data Analytics', 'Data Science', 'Machine Learning', 'Python']","['Letter of recommendation', 'Job offer']",2,https://internshala.com/internship/detail/data-science-machine-learning-work-from-home-job-internship-at-vpodsai1656656147
Deep Learning Research,Pucho Digital Health Inc.,['Work From Home'],4.0,10000.0,-1,330.0,"['Amazon Web Services (AWS)', 'Computer Vision', 'Deep Learning', 'Google Cloud Computing', 'Machine Learning', 'Natural Language Processing (NLP)', 'Python']","['Certificate', 'Letter of recommendation', 'Flexible work hours']",8,https://internshala.com/internship/detail/deep-learning-research-work-from-home-job-internship-at-pucho-digital-health-inc1656617370
Angular 8 & Node.js Development (With MongoDB/Firebase),AppiVa Software Private Limited,['Work From Home'],6.0,10000.0,-1,69.0,"['Angular 7.0', 'Cloud Firestore', 'Firebase Cloud Messaging', 'Node.js']","['Certificate', 'Letter of recommendation', 'Flexible work hours']",1,https://internshala.com/internship/detail/angular-8-nodejs-development-with-mongodb-firebase-work-from-home-job-internship-at-appiva-software-private-limited1656592808
Data Annotation,KoiReader Technologies,['Work From Home'],3.0,4000.0,15,544.0,"['Artifical Intelligence', 'Computer Vision', 'Image Processing', 'Machine Learning', 'Natural Language Processing (NLP)']","['Certificate', 'Flexible work hours']",8,https://internshala.com/internship/detail/data-annotation-work-from-home-job-internship-at-koireader-technologies1654552990
Software Engineer (Data Engineering),GroundTruth,['Work From Home'],5.0,35000.0,12,971.0,"['Amazon Web Server (AWS)', 'Data Science', 'Python', 'SQL']","['Letter of recommendation', 'Flexible work hours', '5 days a week']",2,https://internshala.com/internship/detail/software-engineer-data-engineering-work-from-home-job-internship-at-groundtruth1655989676
Analysis,GroundTruth,['Work From Home'],5.0,35000.0,12,1000.0,"['Business Analysis', 'Data Analytics', 'Python', 'SQL', 'Tableau']","['Letter of recommendation', 'Flexible work hours', '5 days a week']",2,https://internshala.com/internship/detail/analysis-work-from-home-job-internship-at-groundtruth1655965362
Data Annotation,Cure And Care Wellness Private Limited,['Work From Home'],6.0,3000.0,0,413.0,[],"['Certificate', 'Flexible work hours']",5,https://internshala.com/internship/detail/data-annotation-work-from-home-job-internship-at-cure-and-care-wellness-private-limited1655907106
Business Analytics,RANKKKING,['Work From Home'],6.0,7000.0,11,677.0,"['Email Marketing', 'English Proficiency (Spoken)', 'MS-Excel']","['Certificate', 'Flexible work hours']",10,https://internshala.com/internship/detail/business-analytics-work-from-home-job-internship-at-rankkking1655887174
